sample_id,precision,recall,f1,tree_max_depth
HBRC4_114genes,0.7166666666666667,0.1958997722095672,0.30769230769230765,2
HBRC6_114genes,0.6608695652173913,0.18052256532066507,0.2835820895522388,2
UHRC1_114genes,0.7016129032258065,0.14054927302100162,0.234185733512786,2
UHRC2_114genes,0.6762589928057554,0.14285714285714285,0.2358845671267252,2
